{"cameraMode":{"drawMode":0,"name":"Shaded","section":"Shading Mode"},"sceneLighting":true,"audioPlay":false,"sceneViewState":{"m_AlwaysRefresh":false,"showFog":true,"showSkybox":true,"showFlares":true,"showImageEffects":true,"showParticleSystems":true,"showVisualEffectGraphs":true,"m_FxEnabled":true},"in2DMode":false,"pivot":{"x":0.2996348738670349,"y":2.4704909324645998,"z":-0.0704173594713211},"rotation":{"x":0.0054082744754850868,"y":0.019510164856910707,"z":-0.00008750105916988105,"w":0.9998109340667725},"size":3.5276968479156496,"orthographic":false}